{"stat.useItem.minecraft.string":3,"stat.beaconInteraction":23,"stat.useItem.minecraft.bow":30,"stat.useItem.minecraft.quartz_block":6,"stat.useItem.minecraft.repeater":93,"stat.leaveGame":45,"stat.mineBlock.minecraft.cobblestone":774,"stat.mineBlock.minecraft.pumpkin":1,"stat.useItem.minecraft.log2":82,"stat.useItem.minecraft.beacon":3,"stat.useItem.minecraft.bookshelf":60,"stat.useItem.minecraft.soul_sand":89,"stat.useItem.minecraft.diamond_sword":218,"stat.craftItem.minecraft.wool":6,"stat.useItem.minecraft.glowstone":201,"stat.killEntity.PigZombie":249,"stat.mineBlock.minecraft.stained_glass":1,"stat.swimOneCm":61425,"stat.useItem.minecraft.snow":13,"stat.useItem.minecraft.planks":566,"stat.climbOneCm":12221,"stat.mineBlock.minecraft.spruce_stairs":16,"stat.craftItem.minecraft.gold_block":8,"stat.enderchestOpened":3,"stat.mineBlock.minecraft.dropper":2,"stat.useItem.minecraft.obsidian":79,"stat.useItem.minecraft.dirt":193,"stat.useItem.minecraft.stone_slab2":44,"achievement.exploreAllBiomes":{"value":0,"progress":["FrozenRiver","Ice Plains","River","Ocean","Ice Mountains","Hell"]},"stat.useItem.minecraft.water_bucket":7,"stat.craftItem.minecraft.stone_pickaxe":14,"stat.mineBlock.minecraft.wooden_slab":3,"stat.mineBlock.minecraft.carpet":4,"stat.useItem.minecraft.anvil":4,"stat.flyOneCm":6478423,"stat.useItem.minecraft.ender_pearl":1,"stat.useItem.minecraft.cooked_beef":3,"stat.killEntity.Villager":8,"stat.timeSinceDeath":417587,"stat.hopperInspected":14,"stat.useItem.minecraft.sign":31,"stat.useItem.minecraft.spawn_egg":233,"stat.useItem.minecraft.wooden_slab":262,"stat.craftItem.minecraft.iron_block":73,"stat.useItem.minecraft.noteblock":8,"stat.trappedChestTriggered":131,"stat.useItem.minecraft.lever":8,"stat.useItem.minecraft.potato":9,"stat.useItem.minecraft.oak_stairs":19,"stat.useItem.minecraft.nether_wart":1,"stat.furnaceInteraction":14,"stat.useItem.minecraft.pumpkin_seeds":4,"stat.killEntity.Creeper":11,"stat.talkedToVillager":23,"stat.noteblockPlayed":38,"stat.useItem.minecraft.end_stone":100,"stat.useItem.minecraft.redstone":692,"stat.useItem.minecraft.sea_lantern":1,"stat.useItem.minecraft.written_book":2,"achievement.mineWood":6,"stat.useItem.minecraft.dropper":2,"stat.useItem.minecraft.stained_glass":84,"stat.sprintOneCm":586907,"stat.useItem.minecraft.fence":7,"stat.useItem.minecraft.stone_stairs":5,"stat.craftItem.minecraft.stick":32,"stat.useItem.minecraft.stone_slab":73,"stat.useItem.minecraft.ice":61,"stat.useItem.minecraft.bed":4,"achievement.openInventory":158,"stat.useItem.minecraft.flint_and_steel":745,"stat.mineBlock.minecraft.sea_lantern":1,"stat.useItem.minecraft.wooden_button":1,"stat.useItem.minecraft.diamond_pickaxe":1601,"stat.mineBlock.minecraft.quartz_block":6,"stat.killEntity.Endermite":3,"stat.useItem.minecraft.carrot":8,"stat.useItem.minecraft.hopper":20,"stat.useItem.minecraft.ender_eye":105,"stat.mineBlock.minecraft.oak_stairs":4,"stat.deaths":17,"stat.mineBlock.minecraft.planks":5,"stat.drop":81,"stat.playOneMinute":670373,"stat.useItem.minecraft.ladder":8,"stat.useItem.minecraft.melon_seeds":6,"stat.killEntity.Zombie":24,"stat.craftItem.minecraft.dye":3279,"stat.useItem.minecraft.birch_stairs":192,"stat.useItem.minecraft.jukebox":1,"stat.diveOneCm":185500,"stat.chestOpened":332,"stat.useItem.minecraft.sticky_piston":24,"stat.useItem.minecraft.stone":32,"stat.craftItem.minecraft.carpet":3,"stat.mineBlock.minecraft.ice":294,"stat.useItem.minecraft.diamond_axe":595,"stat.useItem.minecraft.waterlily":5,"stat.useItem.minecraft.carpet":5,"stat.useItem.minecraft.packed_ice":771,"stat.useItem.minecraft.quartz_ore":64,"stat.useItem.minecraft.bedrock":20,"stat.jump":1769,"stat.fallOneCm":58216,"stat.useItem.minecraft.piston":24,"stat.crouchOneCm":133145,"stat.mineBlock.minecraft.chest":2,"stat.useItem.minecraft.mycelium":64,"stat.craftItem.minecraft.chest":2,"stat.useItem.minecraft.stone_button":7,"stat.craftItem.minecraft.hopper":2,"stat.useItem.minecraft.cooked_chicken":11,"stat.craftingTableInteraction":19,"stat.dropperInspected":93,"stat.useItem.minecraft.glass":104,"stat.useItem.minecraft.dispenser":29,"stat.useItem.minecraft.sapling":24,"stat.damageTaken":511,"stat.mineBlock.minecraft.torch":2,"stat.mineBlock.minecraft.furnace":3,"stat.useItem.minecraft.furnace":8,"stat.useItem.minecraft.wooden_pickaxe":60,"stat.dispenserInspected":58,"stat.noteblockTuned":116,"stat.useItem.minecraft.slime":16,"stat.useItem.minecraft.end_portal_frame":187,"stat.useItem.minecraft.stone_pickaxe":692,"stat.mineBlock.minecraft.glass":1,"stat.useItem.minecraft.enchanting_table":1,"stat.killEntity.Rabbit":1,"stat.damageDealt":25238,"stat.useItem.minecraft.wool":4,"stat.craftItem.minecraft.oak_stairs":12,"stat.killEntity.Cow":1,"stat.mineBlock.minecraft.dirt":13,"stat.useItem.minecraft.crafting_table":1,"stat.useItem.minecraft.command_block":10,"stat.walkOneCm":1179965,"stat.useItem.minecraft.torch":775,"stat.animalsBred":11,"stat.useItem.minecraft.chest":4,"stat.useItem.minecraft.pumpkin":37,"stat.useItem.minecraft.log":25,"stat.useItem.minecraft.comparator":56,"stat.useItem.minecraft.cobblestone":205,"stat.craftItem.minecraft.crafting_table":1,"stat.useItem.minecraft.gravel":29,"stat.useItem.minecraft.lava_bucket":4,"stat.breakItem.minecraft.stone_pickaxe":5,"stat.minecartOneCm":19114,"stat.useItem.minecraft.redstone_block":12,"stat.craftItem.minecraft.gold_ingot":52,"stat.useItem.minecraft.spruce_stairs":50,"stat.useItem.minecraft.leaves":17,"stat.useItem.minecraft.redstone_ore":5,"stat.useItem.minecraft.glass_pane":8,"stat.useItem.minecraft.netherrack":2,"stat.killEntity.Skeleton":4,"stat.mineBlock.minecraft.stonebrick":22,"stat.craftItem.minecraft.planks":44,"stat.killEntity.Chicken":1,"stat.killEntity.Spider":9,"stat.mobKills":339,"stat.useItem.minecraft.wooden_pressure_plate":2,"stat.useItem.minecraft.stonebrick":1007,"stat.mineBlock.minecraft.log":524,"stat.mineBlock.minecraft.waterlily":1,"stat.useItem.minecraft.wooden_door":1,"stat.useItem.minecraft.cobblestone_wall":4,"stat.mineBlock.minecraft.leaves":46,"stat.useItem.minecraft.hopper_minecart":3,"stat.useItem.minecraft.writable_book":3,"stat.mineBlock.minecraft.stone":1263,"stat.useItem.minecraft.sandstone":84,"stat.breakItem.minecraft.wooden_pickaxe":1}